{
  "trained_at": "2025-12-14T23:21:25.341247",
  "horizon": 1,
  "n_train": 1004,
  "n_val": 251,
  "params": {
    "n_estimators": 200,
    "max_depth": null,
    "min_samples_split": 2,
    "max_features": "sqrt",
    "random_state": 42,
    "n_jobs": -1
  },
  "val_rmse": 0.016149004357332273,
  "val_mae": 0.011724908900121542,
  "feature_importance": {
    "return_lag1": 5.620391,
    "return_lag2": 5.146435,
    "return_lag3": 4.760585,
    "return_lag5": 4.84656,
    "return_lag10": 6.588505,
    "ma5": 4.017847,
    "ma10": 4.065452,
    "ma20": 3.46909,
    "std5": 4.120785,
    "std10": 4.273927,
    "std20": 4.827184,
    "momentum_8": 4.889133,
    "vol_ma5": 4.294402,
    "vol_ma10": 4.32647,
    "high_low_spread": 4.684173,
    "open_close_spread": 4.843355,
    "vol_x_std5": 4.084805,
    "rsi_14": 4.233917,
    "macd": 4.307303,
    "macd_signal": 4.26214,
    "stoch_k": 4.690701,
    "stoch_d": 3.646838
  }
}