{
  "trained_at": "2025-12-15T20:53:48.611898",
  "horizon": 1,
  "n_train": 12876,
  "n_val": 3220,
  "params": {
    "n_estimators": 200,
    "max_depth": null,
    "min_samples_split": 2,
    "max_features": "sqrt",
    "random_state": 42,
    "n_jobs": -1
  },
  "val_rmse": 2.195429944301757,
  "val_mae": 1.5839822330257842,
  "feature_importance": {
    "return_lag1": 3.348118,
    "return_lag2": 3.822244,
    "return_lag3": 3.440948,
    "return_lag5": 2.866124,
    "return_lag10": 3.478449,
    "ma5": 2.864057,
    "ma10": 2.627981,
    "ma20": 2.711395,
    "std5": 4.337893,
    "std10": 5.790595,
    "std20": 7.106474,
    "momentum_8": 15.171245,
    "vol_ma5": 2.947818,
    "vol_ma10": 2.578393,
    "high_low_spread": 3.606417,
    "open_close_spread": 2.725854,
    "vol_x_std5": 3.681845,
    "rsi_14": 4.824631,
    "macd": 3.775951,
    "macd_signal": 2.69193,
    "stoch_k": 11.683449,
    "stoch_d": 3.918191
  }
}