{
  "trained_at": "2025-12-16T15:08:23.698935",
  "horizon": 1,
  "n_train": 12876,
  "n_val": 3220,
  "params": {
    "n_estimators": 200,
    "max_depth": null,
    "min_samples_split": 2,
    "max_features": "sqrt",
    "random_state": 42,
    "n_jobs": -1
  },
  "val_rmse": 2.225609135005053,
  "val_mae": 1.6417136833606791,
  "feature_importance": {
    "return_lag1": 3.335601,
    "return_lag2": 3.793492,
    "return_lag3": 3.333705,
    "return_lag5": 2.904729,
    "return_lag10": 3.377238,
    "ma5": 2.904793,
    "ma10": 2.748494,
    "ma20": 2.693206,
    "std5": 4.246873,
    "std10": 6.038493,
    "std20": 6.959422,
    "momentum_8": 15.044181,
    "vol_ma5": 2.894124,
    "vol_ma10": 2.595741,
    "high_low_spread": 3.563004,
    "open_close_spread": 2.788801,
    "vol_x_std5": 3.708774,
    "rsi_14": 4.640275,
    "macd": 3.783434,
    "macd_signal": 2.73419,
    "stoch_k": 12.115705,
    "stoch_d": 3.795724
  }
}