{
  "trained_at": "2025-12-17T18:16:43.221936",
  "n_components": 3,
  "regime_counts": {
    "0": 7765,
    "1": 3347,
    "2": 4986
  },
  "avg_return_per_regime": {
    "0": 0.0005074912824700867,
    "1": 0.00040437906631350884,
    "2": 7.872702198498192e-06
  },
  "avg_vol_per_regime": {
    "0": 0.010287009813843322,
    "1": 0.023310020335371585,
    "2": 0.011289004970760587
  },
  "transition_matrix": [
    [
      0.933419188667096,
      0.06130070830650354,
      0.005280103026400515
    ],
    [
      0.14375373580394502,
      0.8368200836820083,
      0.019426180514046622
    ],
    [
      0.007220216606498195,
      0.014239871640593663,
      0.9785399117529081
    ]
  ],
  "hmm_backend": "gmm_fallback"
}