{
  "trained_at": "2025-12-16T22:08:05.008572",
  "n_components": 3,
  "regime_counts": {
    "0": 4756,
    "1": 6442,
    "2": 4900
  },
  "avg_return_per_regime": {
    "0": -1.4538727689025694,
    "1": -0.012385524717496803,
    "2": 1.4285175941056663
  },
  "avg_vol_per_regime": {
    "0": 2.3064457386525494,
    "1": 0.1190856041614215,
    "2": 2.2159492818357776
  },
  "transition_matrix": [
    [
      0.5771656854499579,
      0.001471825063078217,
      0.4213624894869638
    ],
    [
      0.006365471200124205,
      0.9750038813848781,
      0.018630647414997672
    ],
    [
      0.4020408163265306,
      0.03142857142857143,
      0.566530612244898
    ]
  ],
  "hmm_backend": "gmm_fallback"
}