{
  "trained_at": "2025-12-16T22:07:26.985715",
  "horizon": 1,
  "n_train": 12877,
  "n_val": 3220,
  "params": {
    "n_estimators": 200,
    "max_depth": null,
    "min_samples_split": 2,
    "max_features": "sqrt",
    "random_state": 42,
    "n_jobs": -1
  },
  "val_rmse": 2.175535234160047,
  "val_mae": 1.6076915074241513,
  "feature_importance": {
    "return_lag1": 3.092096,
    "return_lag2": 3.485293,
    "return_lag3": 3.505271,
    "return_lag5": 3.288198,
    "return_lag10": 3.752915,
    "ma5": 2.851608,
    "ma10": 2.860614,
    "ma20": 2.763888,
    "std5": 4.157129,
    "std10": 6.050897,
    "std20": 6.962951,
    "momentum_8": 15.830778,
    "vol_ma5": 2.738151,
    "vol_ma10": 2.813676,
    "high_low_spread": 3.463403,
    "open_close_spread": 2.851108,
    "vol_x_std5": 3.061276,
    "rsi_14": 4.057827,
    "macd": 3.640721,
    "macd_signal": 3.104691,
    "stoch_k": 10.692988,
    "stoch_d": 4.97452
  }
}