{
  "trained_at": "2025-12-17T18:15:49.410286",
  "horizon": 1,
  "n_train": 12877,
  "n_val": 3220,
  "params": {
    "n_estimators": 200,
    "max_depth": null,
    "min_samples_split": 2,
    "max_features": "sqrt",
    "random_state": 42,
    "n_jobs": -1
  },
  "val_rmse": 0.017995339362747245,
  "val_mae": 0.012827548324758561,
  "feature_importance": {
    "return_lag1": 4.820145,
    "return_lag2": 4.706751,
    "return_lag3": 5.367656,
    "return_lag5": 4.867276,
    "return_lag10": 4.870363,
    "ma5": 3.716282,
    "ma10": 3.769757,
    "ma20": 3.729204,
    "std5": 4.537371,
    "std10": 4.684196,
    "std20": 4.702284,
    "momentum_8": 5.479853,
    "vol_ma5": 4.100154,
    "vol_ma10": 3.980057,
    "high_low_spread": 5.703469,
    "open_close_spread": 5.167313,
    "vol_x_std5": 4.190231,
    "rsi_14": 4.259634,
    "macd": 4.518582,
    "macd_signal": 4.60531,
    "stoch_k": 4.06289,
    "stoch_d": 4.161221
  }
}