{
  "trained_at": "2025-12-14T16:55:09.838547",
  "n_train": 1004,
  "n_val": 251,
  "features": [
    "return_lag1",
    "return_lag2",
    "return_lag3",
    "ma5",
    "ma10",
    "std5",
    "std10",
    "high_low_spread",
    "open_close_spread",
    "volume",
    "vol_ma5",
    "vol_ma10",
    "ewma_8",
    "momentum_8"
  ],
  "params": {
    "num_leaves": 31,
    "max_depth": -1,
    "learning_rate": 0.05,
    "n_estimators": 300,
    "feature_fraction": 0.8,
    "bagging_fraction": 0.8,
    "random_state": 42,
    "n_jobs": -1
  },
  "val_rmse": 0.015447800918372999,
  "feature_importance": {
    "return_lag1": 0.0043884759361390024,
    "return_lag2": 0.0035369740216992795,
    "return_lag3": 0.006987986111198552,
    "ma5": 0.012087826966308057,
    "ma10": 0.006828181038144976,
    "std5": 0.006608851137571037,
    "std10": 0.002005403977818787,
    "high_low_spread": 0.0,
    "open_close_spread": 0.002711898006964475,
    "volume": 0.006408909917809069,
    "vol_ma5": 0.00401205598609522,
    "vol_ma10": 0.0018207269604317844,
    "ewma_8": 0.004402343998663127,
    "momentum_8": 0.01333200914086774
  }
}