{
  "trained_at": "2025-12-15T20:53:51.954198",
  "n_train": 12876,
  "n_val": 3219,
  "params": {
    "num_leaves": 16,
    "max_depth": 6,
    "learning_rate": 0.03,
    "n_estimators": 120,
    "feature_fraction": 0.8,
    "bagging_fraction": 0.8,
    "reg_alpha": 0.1,
    "reg_lambda": 0.1,
    "min_data_in_leaf": 20,
    "boosting_type": "gbdt",
    "random_state": 42
  },
  "val_rmse": 0.8563359488115616,
  "val_mae": 0.7696241398730552,
  "feature_importance": {
    "ret_lag1": 0.043396,
    "ret_lag2": 0.048618,
    "ret_lag3": 0.245222,
    "ret_mean_3": 1.42146,
    "ret_std_3": 0.901069,
    "ma5": 0.507091,
    "ma10": 1.122269,
    "std5": 1.227127,
    "std10": 22.74313,
    "high_low_spread": 0.136384,
    "open_close_spread": 0.265888,
    "vol_ma5": 6.680177,
    "vol_ma10": 57.90631,
    "ewma_8": 0.225196,
    "ewma_16": 1.780918,
    "momentum_8": 0.782361,
    "rsi_14": 0.499893,
    "macd": 0.443851,
    "macd_signal": 1.512698,
    "stoch_k": 0.358626,
    "stoch_d": 0.452869,
    "vol_x_std5": 0.595925,
    "vol_x_mom8": 0.099524
  }
}