{
  "trained_at": "2025-12-15T21:06:40.773913",
  "n_train": 12876,
  "n_val": 3219,
  "params": {
    "num_leaves": 16,
    "max_depth": 6,
    "learning_rate": 0.03,
    "n_estimators": 120,
    "feature_fraction": 0.8,
    "bagging_fraction": 0.8,
    "reg_alpha": 0.1,
    "reg_lambda": 0.1,
    "min_data_in_leaf": 20,
    "boosting_type": "gbdt",
    "random_state": 42
  },
  "val_rmse": 0.8553049331132581,
  "val_mae": 0.7686986376626432,
  "feature_importance": {
    "ret_lag1": 0.045004,
    "ret_lag2": 0.057291,
    "ret_lag3": 0.250955,
    "ret_mean_3": 1.418111,
    "ret_std_3": 0.883571,
    "ma5": 0.507974,
    "ma10": 1.060939,
    "std5": 1.241332,
    "std10": 22.713624,
    "high_low_spread": 0.121837,
    "open_close_spread": 0.278303,
    "vol_ma5": 6.696695,
    "vol_ma10": 57.803676,
    "ewma_8": 0.240017,
    "ewma_16": 1.840028,
    "momentum_8": 0.800128,
    "rsi_14": 0.537422,
    "macd": 0.472924,
    "macd_signal": 1.505722,
    "stoch_k": 0.378456,
    "stoch_d": 0.435967,
    "vol_x_std5": 0.599152,
    "vol_x_mom8": 0.110872
  }
}