{
  "trained_at": "2025-12-14T19:53:18.804862",
  "n_train": 1003,
  "n_val": 251,
  "params": {
    "num_leaves": 16,
    "max_depth": 6,
    "learning_rate": 0.03,
    "n_estimators": 120,
    "feature_fraction": 0.8,
    "bagging_fraction": 0.8,
    "reg_alpha": 0.1,
    "reg_lambda": 0.1,
    "min_data_in_leaf": 20,
    "boosting_type": "gbdt",
    "random_state": 42
  },
  "val_rmse": 0.009343052639892147,
  "val_mae": 0.006660568773593741,
  "feature_importance": {
    "ret_lag1": 0.605279,
    "ret_lag2": 0.868733,
    "ret_lag3": 1.632739,
    "ret_mean_3": 0.194055,
    "ret_std_3": 2.656439,
    "ma5": 9.909109,
    "ma10": 3.76743,
    "std5": 3.095154,
    "std10": 1.482526,
    "high_low_spread": 7.415329,
    "open_close_spread": 0.465984,
    "vol_ma5": 0.880557,
    "vol_ma10": 9.93932,
    "ewma_8": 4.460356,
    "ewma_16": 3.486982,
    "momentum_8": 1.31077,
    "rsi_14": 2.297293,
    "macd": 28.654866,
    "macd_signal": 10.583822,
    "stoch_k": 1.366087,
    "stoch_d": 2.529801,
    "vol_x_std5": 2.238276,
    "vol_x_mom8": 0.159091
  }
}