{
  "model_info": {
    "data_file": "C:\\Users\\Dell\\Desktop\\MLOPS-finance\\mlops-project\\data\\AAPL_yfinance_1d.csv",
    "train_samples": 1030,
    "test_samples": 206,
    "features_count": 39,
    "test_accuracy": 0.5631067961165048,
    "feature_importance_top5": {
      "volume_zscore_20": 18,
      "return_kurt_5": 16,
      "rsi_14": 15,
      "return_skew_5": 15,
      "return_lag3": 14
    }
  },
  "test_metrics": {
    "accuracy": 0.5631067961165048,
    "precision": 0.5483870967741935,
    "recall": 0.9444444444444444,
    "f1_score": 0.6938775510204082,
    "roc_auc": 0.5710506424792139
  },
  "confusion_matrix": [
    [
      14,
      84
    ],
    [
      6,
      102
    ]
  ],
  "classification_report": {
    "Down": {
      "precision": 0.7,
      "recall": 0.14285714285714285,
      "f1-score": 0.23728813559322035,
      "support": 98.0
    },
    "Up": {
      "precision": 0.5483870967741935,
      "recall": 0.9444444444444444,
      "f1-score": 0.6938775510204082,
      "support": 108.0
    },
    "accuracy": 0.5631067961165048,
    "macro avg": {
      "precision": 0.6241935483870967,
      "recall": 0.5436507936507936,
      "f1-score": 0.46558284330681426,
      "support": 206.0
    },
    "weighted avg": {
      "precision": 0.6205136235515188,
      "recall": 0.5631067961165048,
      "f1-score": 0.4766651106715519,
      "support": 206.0
    }
  }
}