{
  "model_info": {
    "data_file": "C:\\Users\\Dell\\Desktop\\MLOPS-finance\\mlops-project\\data\\AAPL_yfinance_1d.csv",
    "train_samples": 989,
    "test_samples": 248,
    "features_count": 16,
    "test_accuracy": 0.5241935483870968,
    "feature_importance_top5": {
      "volume_ratio": 4,
      "volume_ma_5": 4,
      "daily_return": 4,
      "return_lag3": 2,
      "return_lag1": 2
    }
  },
  "test_metrics": {
    "accuracy": 0.5241935483870968,
    "precision": 0.5241935483870968,
    "recall": 1.0,
    "f1_score": 0.6878306878306878,
    "roc_auc": 0.5158735332464146
  },
  "confusion_matrix": [
    [
      0,
      118
    ],
    [
      0,
      130
    ]
  ],
  "classification_report": {
    "Down": {
      "precision": 0.0,
      "recall": 0.0,
      "f1-score": 0.0,
      "support": 118.0
    },
    "Up": {
      "precision": 0.5241935483870968,
      "recall": 1.0,
      "f1-score": 0.6878306878306878,
      "support": 130.0
    },
    "accuracy": 0.5241935483870968,
    "macro avg": {
      "precision": 0.2620967741935484,
      "recall": 0.5,
      "f1-score": 0.3439153439153439,
      "support": 248.0
    },
    "weighted avg": {
      "precision": 0.27477887617065555,
      "recall": 0.5241935483870968,
      "f1-score": 0.3605564089435057,
      "support": 248.0
    }
  }
}