{
  "trained_at": "2025-12-15T21:08:47.072862",
  "n_train": 12876,
  "n_val": 3219,
  "params": {
    "num_leaves": 16,
    "max_depth": 6,
    "learning_rate": 0.03,
    "n_estimators": 120,
    "feature_fraction": 0.8,
    "bagging_fraction": 0.8,
    "reg_alpha": 0.1,
    "reg_lambda": 0.1,
    "min_data_in_leaf": 20,
    "boosting_type": "gbdt",
    "random_state": 42
  },
  "val_rmse": 0.8534243590630198,
  "val_mae": 0.7665662611058127,
  "feature_importance": {
    "ret_lag1": 0.046486,
    "ret_lag2": 0.040715,
    "ret_lag3": 0.246784,
    "ret_mean_3": 1.44974,
    "ret_std_3": 0.955574,
    "ma5": 0.561979,
    "ma10": 1.069301,
    "std5": 1.254525,
    "std10": 22.634734,
    "high_low_spread": 0.126109,
    "open_close_spread": 0.207104,
    "vol_ma5": 6.702644,
    "vol_ma10": 57.820421,
    "ewma_8": 0.214915,
    "ewma_16": 1.759338,
    "momentum_8": 0.797114,
    "rsi_14": 0.599471,
    "macd": 0.457359,
    "macd_signal": 1.442326,
    "stoch_k": 0.431701,
    "stoch_d": 0.459977,
    "vol_x_std5": 0.612901,
    "vol_x_mom8": 0.108779
  }
}