{
  "trained_at": "2025-12-17T18:15:53.501300",
  "n_train": 12876,
  "n_val": 3220,
  "params": {
    "num_leaves": 16,
    "max_depth": 6,
    "learning_rate": 0.03,
    "n_estimators": 120,
    "feature_fraction": 0.8,
    "bagging_fraction": 0.8,
    "reg_alpha": 0.1,
    "reg_lambda": 0.1,
    "min_data_in_leaf": 20,
    "boosting_type": "gbdt",
    "random_state": 42
  },
  "val_rmse": 0.00915894127168337,
  "val_mae": 0.006039734547544513,
  "feature_importance": {
    "ret_lag1": 0.354393,
    "ret_lag2": 0.4978,
    "ret_lag3": 0.901617,
    "ret_mean_3": 0.876144,
    "ret_std_3": 0.812156,
    "ma5": 2.549479,
    "ma10": 1.713934,
    "std5": 3.047539,
    "std10": 37.002362,
    "high_low_spread": 19.216426,
    "open_close_spread": 1.11922,
    "vol_ma5": 1.360385,
    "vol_ma10": 1.685799,
    "ewma_8": 1.384594,
    "ewma_16": 3.377403,
    "momentum_8": 4.424536,
    "rsi_14": 1.248553,
    "macd": 6.792811,
    "macd_signal": 2.584877,
    "stoch_k": 0.684775,
    "stoch_d": 1.678322,
    "vol_x_std5": 2.685565,
    "vol_x_mom8": 4.001311
  }
}