{
  "trained_at": "2025-12-16T22:07:32.021326",
  "n_train": 12876,
  "n_val": 3220,
  "params": {
    "num_leaves": 16,
    "max_depth": 6,
    "learning_rate": 0.03,
    "n_estimators": 120,
    "feature_fraction": 0.8,
    "bagging_fraction": 0.8,
    "reg_alpha": 0.1,
    "reg_lambda": 0.1,
    "min_data_in_leaf": 20,
    "boosting_type": "gbdt",
    "random_state": 42
  },
  "val_rmse": 0.8041550589435185,
  "val_mae": 0.7151355464642767,
  "feature_importance": {
    "ret_lag1": 0.140307,
    "ret_lag2": 0.085759,
    "ret_lag3": 0.283619,
    "ret_mean_3": 1.312805,
    "ret_std_3": 0.948373,
    "ma5": 0.462597,
    "ma10": 1.060162,
    "std5": 1.350245,
    "std10": 42.784857,
    "high_low_spread": 0.230774,
    "open_close_spread": 0.241736,
    "vol_ma5": 7.133034,
    "vol_ma10": 36.05173,
    "ewma_8": 0.166744,
    "ewma_16": 1.845635,
    "momentum_8": 1.100836,
    "rsi_14": 0.512818,
    "macd": 0.736744,
    "macd_signal": 1.305029,
    "stoch_k": 0.531877,
    "stoch_d": 0.725731,
    "vol_x_std5": 0.891718,
    "vol_x_mom8": 0.096869
  }
}