{
  "trained_at": "2025-12-15T10:18:45.172872",
  "n_components": 3,
  "regime_counts": {
    "0": 85,
    "1": 651,
    "2": 520
  },
  "avg_return_per_regime": {
    "0": 0.008007041535390533,
    "1": 0.001842240988885991,
    "2": -0.0019899754208469907
  },
  "avg_vol_per_regime": {
    "0": 0.026086760594976652,
    "1": 0.00962572131141017,
    "2": 0.01869769735483823
  },
  "transition_matrix": [
    [
      0.7647058823529411,
      0.023529411764705882,
      0.21176470588235294
    ],
    [
      0.006144393241167435,
      0.8940092165898618,
      0.09984639016897082
    ],
    [
      0.030828516377649325,
      0.12909441233140656,
      0.8400770712909441
    ]
  ],
  "hmm_backend": "gmm_fallback"
}