{
  "trained_at": "2025-12-16T19:02:48.522448",
  "n_components": 3,
  "regime_counts": {
    "0": 4943,
    "1": 6500,
    "2": 4654
  },
  "avg_return_per_regime": {
    "0": 1.4307297063844397,
    "1": -0.013512334193833268,
    "2": -1.499552469275607
  },
  "avg_vol_per_regime": {
    "0": 2.234658106058607,
    "1": 0.12257607121657277,
    "2": 2.329504167245478
  },
  "transition_matrix": [
    [
      0.5668622294153348,
      0.03236900667610763,
      0.40076876390855753
    ],
    [
      0.020310817048776734,
      0.9732266502538852,
      0.006462532697338052
    ],
    [
      0.4316716802750322,
      0.0030081650193382035,
      0.5653201547056296
    ]
  ],
  "hmm_backend": "gmm_fallback"
}